<?xml version="1.0" encoding="UTF-8"?><rss version="2.0"
	xmlns:content="http://purl.org/rss/1.0/modules/content/"
	xmlns:dc="http://purl.org/dc/elements/1.1/"
	xmlns:atom="http://www.w3.org/2005/Atom"
	xmlns:sy="http://purl.org/rss/1.0/modules/syndication/"
	
	>
<channel>
	<title>
	Comments on: The Importance of Exceptional Customer Service and Sales Support at MNR Logistics	</title>
	<atom:link href="/the-importance-of-exceptional-customer-service-and-sales-support-at-mnr-logistics/feed/" rel="self" type="application/rss+xml" />
	<link>/the-importance-of-exceptional-customer-service-and-sales-support-at-mnr-logistics/</link>
	<description></description>
	<lastBuildDate>Sat, 22 Jun 2024 13:58:46 +0000</lastBuildDate>
	<sy:updatePeriod>
	hourly	</sy:updatePeriod>
	<sy:updateFrequency>
	1	</sy:updateFrequency>
	<generator>https://wordpress.org/?v=6.5.5</generator>
</channel>
</rss>
