<?xml version="1.0" encoding="UTF-8"?><rss version="2.0"
	xmlns:content="http://purl.org/rss/1.0/modules/content/"
	xmlns:wfw="http://wellformedweb.org/CommentAPI/"
	xmlns:dc="http://purl.org/dc/elements/1.1/"
	xmlns:atom="http://www.w3.org/2005/Atom"
	xmlns:sy="http://purl.org/rss/1.0/modules/syndication/"
	xmlns:slash="http://purl.org/rss/1.0/modules/slash/"
	>

<channel>
	<title>MNR LOGISTICS</title>
	<atom:link href="/feed/" rel="self" type="application/rss+xml" />
	<link></link>
	<description></description>
	<lastBuildDate>Sat, 22 Jun 2024 13:58:46 +0000</lastBuildDate>
	<language>en-US</language>
	<sy:updatePeriod>
	hourly	</sy:updatePeriod>
	<sy:updateFrequency>
	1	</sy:updateFrequency>
	<generator>https://wordpress.org/?v=6.5.5</generator>

<image>
	<url>/wp-content/uploads/2024/06/gggp.png</url>
	<title>MNR LOGISTICS</title>
	<link></link>
	<width>32</width>
	<height>32</height>
</image> 
	<item>
		<title>The Importance of Exceptional Customer Service and Sales Support at MNR Logistics</title>
		<link>/the-importance-of-exceptional-customer-service-and-sales-support-at-mnr-logistics/</link>
					<comments>/the-importance-of-exceptional-customer-service-and-sales-support-at-mnr-logistics/#respond</comments>
		
		<dc:creator><![CDATA[mnr]]></dc:creator>
		<pubDate>Sat, 22 Jun 2024 13:54:16 +0000</pubDate>
				<category><![CDATA[Customer Service and Sales Support]]></category>
		<guid isPermaLink="false">/?p=255</guid>

					<description><![CDATA[In today’s fast-paced and competitive business environment, exceptional customer service and sales support are more than just nice-to-haves—they are essential components of any successful enterprise. At MNR Logistics, we pride ourselves on delivering top-notch customer service and sales support, ensuring our clients receive the care and attention they deserve. Here’s a closer look at how ... <a title="The Importance of Exceptional Customer Service and Sales Support at MNR Logistics" class="read-more" href="/the-importance-of-exceptional-customer-service-and-sales-support-at-mnr-logistics/" aria-label="Read more about The Importance of Exceptional Customer Service and Sales Support at MNR Logistics">Read more</a>]]></description>
										<content:encoded><![CDATA[<p><img fetchpriority="high" decoding="async" class="wp-image-178 alignleft" src="/wp-content/uploads/2024/06/IMG_512014.jpeg" alt="" width="510" height="340" />In today’s fast-paced and competitive business environment, exceptional customer service and sales support are more than just nice-to-haves—they are essential components of any successful enterprise. At MNR Logistics, we pride ourselves on delivering top-notch customer service and sales support, ensuring our clients receive the care and attention they deserve. Here’s a closer look at how our dedicated team makes a difference and why this matters for your business.</p>
<p><strong>1. Responsive and Friendly Support</strong></p>
<p>At MNR Logistics, we understand that time is of the essence for our clients. That’s why our customer service team is always ready to assist with any inquiries, concerns, or issues you may have. Our responsive and friendly approach ensures that your questions are answered promptly and courteously, helping you make informed decisions without delay. Whether you need information about our services, assistance with an order, or help resolving a problem, our team is here to provide the support you need.</p>
<p><strong>2. Comprehensive Sales Assistance</strong></p>
<p>Navigating the vast array of products and services available can be daunting. Our sales support team is knowledgeable and well-versed in our offerings, including computer accessories, electronics, games, laptops, kids&#8217; play kits, and home use accessories. We provide detailed product information and help you find the right solutions for your specific needs. By facilitating smooth and informed transactions, we make it easier for you to achieve your business goals.</p>
<p><strong>3. Efficient Order Processing</strong></p>
<p>One of the hallmarks of exceptional customer service is efficiency. At MNR Logistics, we streamline the order processing and fulfillment process to ensure your purchases are handled quickly and accurately. From the moment you place an order to the time it is delivered, we keep you informed every step of the way. Our transparent communication and attention to detail ensure a seamless experience, allowing you to focus on what matters most—running your business.</p>
<p><strong>4. Personalized Solutions</strong></p>
<p>Every business is unique, and so are its needs. Our customer service and sales support teams offer personalized solutions tailored to your specific requirements. Whether you need help with sourcing products, logistics, or any other service, we take the time to understand your needs and provide customized assistance. This personalized approach not only enhances your experience but also ensures that you receive the best possible value from our services.</p>
<p><strong>5. Proactive Communication</strong></p>
<p>We believe that proactive communication is key to building trust and ensuring satisfaction. Our team provides regular updates, tracking information, and necessary follow-ups to keep you informed about your orders and shipments. By anticipating your needs and addressing potential issues before they arise, we create a more reliable and predictable service experience.</p>
<p><strong>6. Post-Sales Support</strong></p>
<p>Our commitment to customer satisfaction doesn’t end with the sale. We offer comprehensive post-sales support to address any issues or concerns you may have with your products or services. Whether you need assistance with installation, troubleshooting, or returns, our team is dedicated to ensuring your complete satisfaction. This ongoing support helps build long-term relationships and demonstrates our dedication to your success.</p>
<p><strong>7. Feedback and Continuous Improvement</strong></p>
<p>At MNR Logistics, we value your feedback and are always looking for ways to improve our services. By listening to your suggestions and concerns, we can enhance our offerings and provide even better support in the future. Your input is crucial in helping us stay ahead of the curve and maintain our reputation for exceptional customer service.</p>
<p><strong>Why Exceptional Customer Service and Sales Support Matter</strong></p>
<p>In an industry where reliability, efficiency, and trust are paramount, exceptional customer service and sales support can set a company apart from its competitors. By prioritizing your needs and delivering personalized, responsive assistance, MNR Logistics not only enhances your experience but also helps you achieve your business objectives more effectively.</p>
<p>When you partner with MNR Logistics, you gain more than just a service provider—you gain a dedicated ally committed to your success. Our exceptional customer service and sales support are integral to our mission of delivering outstanding value and satisfaction to our clients.</p>
<p><strong>Contact Us Today</strong></p>
<p>Ready to experience the difference of exceptional customer service and sales support? Contact MNR Logistics today to learn more about how we can assist you. Our friendly and knowledgeable team is here to provide you with all the information you need and to ensure your complete satisfaction. Let MNR Logistics be your trusted partner in achieving your business goals.</p>
<hr />
<p>By emphasizing the importance and benefits of exceptional customer service and sales support, this blog post highlights how MNR Logistics is committed to providing a superior client experience.</p>
]]></content:encoded>
					
					<wfw:commentRss>/the-importance-of-exceptional-customer-service-and-sales-support-at-mnr-logistics/feed/</wfw:commentRss>
			<slash:comments>0</slash:comments>
		
		
			</item>
		<item>
		<title>Hello world!</title>
		<link>/hello-world/</link>
					<comments>/hello-world/#comments</comments>
		
		<dc:creator><![CDATA[mnr]]></dc:creator>
		<pubDate>Fri, 21 Jun 2024 10:22:14 +0000</pubDate>
				<category><![CDATA[Uncategorized]]></category>
		<guid isPermaLink="false">/?p=1</guid>

					<description><![CDATA[Welcome to WordPress. This is your first post. Edit or delete it, then start writing!]]></description>
										<content:encoded><![CDATA[
<p>Welcome to WordPress. This is your first post. Edit or delete it, then start writing!</p>
]]></content:encoded>
					
					<wfw:commentRss>/hello-world/feed/</wfw:commentRss>
			<slash:comments>1</slash:comments>
		
		
			</item>
	</channel>
</rss>
